Well,slope,Status,Plate,Compound_id,lib_name,SMILES,Compound Name,SecName,slope_norm,Result
A1,0.16771428571428573,Negative,ex_plate1_run2,,,,,,0.7653871913566989,Negative
A2,0.006476190476190516,Positive,ex_plate1_run2,,,,,,-3.280038806588709,Positive
A3,0.049619047619047646,Sample,ex_plate1_run2,Compound_0001,example_library,Cc1nn(C)c2nc(C(C)C)cc(C(=O)N3CCN(C(=O)C4CC4)CC3)c12,,,-2.1975946382075695,Hit
A4,0.10738095238095235,Sample,ex_plate1_run2,Compound_0002,example_library,CCOC(=O)c1c(S(=O)(=O)N2CCOCC2)c(-c2ccccc2)n(-c2ccccc2)c1C,,,-0.7483619933440797,Sample
A5,0.11885714285714281,Sample,ex_plate1_run2,Compound_0003,example_library,Cn1nc(-c2ccc(C=C(C#N)S(=O)(=O)c3ccc(C(F)(F)F)cn3)s2)cc1C(F)(F)F,,,-0.460427065551746,Sample
A6,0.1247619047619047,Sample,ex_plate1_run2,Compound_0004,example_library,CC(=O)Oc1ccc2c(=O)c(Oc3ccc(Cl)cc3)c(C(F)(F)F)oc2c1,,,-0.3122779740735331,Sample
A7,0.13161904761904755,Sample,ex_plate1_run2,Compound_0005,example_library,Nc1nc2ccc(Br)cc2s1,,,-0.14023386784076922,Sample
A8,0.08604761904761905,Sample,ex_plate1_run2,Compound_0006,example_library,CCn1nnnc1SCC(=O)c1cc(C)n(C2CC2)c1C,,,-1.2836103238460113,Sample
A9,0.15904761904761908,Sample,ex_plate1_run2,Compound_0007,example_library,CCN1CCN(C(=O)C(C)NCC(c2ccccc2Cl)c2c[nH]c3ccccc23)CC1,,,0.547942557090289,Sample
A10,0.13580952380952374,Sample,ex_plate1_run2,Compound_0008,example_library,CCOC(=O)NC(C(=O)NC(C)c1ccccc1C)C(C)C,,,-0.035095802920746835,Sample
A11,0.14999999999999994,Sample,ex_plate1_run2,Compound_0009,example_library,O=C(COC(=O)c1ccco1)NC1CC1,,,0.3209399169220566,Sample
A12,0.132047619047619,Sample,ex_plate1_run2,Compound_0010,example_library,CCc1ccc(OCc2ccccc2C(=O)Nc2ccc3nc(C)cc(N)c3c2)cc1,JTC-801,,-0.12948111120122108,Sample
A13,0.14709523809523806,Sample,ex_plate1_run2,Compound_0011,example_library,CN(CC(=O)Nc1ccccc1C(=O)NCc1ccccc1)Cc1ccc(Cl)s1,,,0.24806012192067795,Sample
A14,0.15680952380952368,Sample,ex_plate1_run2,Compound_0012,example_library,O=C(O)c1cc(Br)cs1,,,0.4917892724170912,Sample
A15,0.15247619047619043,Sample,ex_plate1_run2,Compound_0013,example_library,CCC=CCC=CCC=CCC=CCC=CCC=CCCC(=O)O,DHA,DOCONEXENT,0.3830669552838884,Sample
A16,0.15233333333333332,Sample,ex_plate1_run2,Compound_0014,example_library,O=C(NCCCOc1ccccc1)c1cccc(Cl)c1Cl,,,0.37948270307070664,Sample
A17,0.16119047619047613,Sample,ex_plate1_run2,Compound_0015,example_library,Cc1ccnc(NC(=O)CNC(=O)COc2ccccc2)c1,,,0.6017063402880257,Sample
A18,0.16038095238095232,Sample,ex_plate1_run2,Compound_0016,example_library,O=[N+]([O-])c1ccc(N2CCCCC2)c2nonc12,,,0.5813955777466575,Sample
A19,0.10738095238095231,Sample,ex_plate1_run2,Compound_0017,example_library,S=C(NN=C1CCCCCC1)Nc1cccc(Cl)c1,,,-0.7483619933440808,Sample
A20,0.1491904761904762,Sample,ex_plate1_run2,Compound_0018,example_library,O=C(c1ccc(Cn2cnc3ccc(Cl)cc3c2=O)cc1)N1CCCC1,,,0.30062915438069054,Sample
A21,0.13599999999999998,Sample,ex_plate1_run2,Compound_0019,example_library,O=C1NC2(CCCC2)C(=O)N1CCCC(=O)N1CCc2ccccc21,,,-0.03031679996983546,Sample
A22,0.12890476190476194,Sample,ex_plate1_run2,Compound_0020,example_library,CC(=O)c1sc2sc(Br)c(C)c2c1C,,,-0.20833465989123576,Sample
A23,0.15552380952380948,Negative,ex_plate1_run2,,,,,,0.45953100249845025,Negative
A24,0.014285714285714306,Positive,ex_plate1_run2,,,,,,-3.084099685601395,Positive
B1,0.14880952380952378,Negative,ex_plate1_run2,,,,,,0.29107114847886917,Negative
B2,-0.015380952380952386,Positive,ex_plate1_run2,,,,,,-3.8284293952056454,Positive
B3,0.13328571428571426,Sample,ex_plate1_run2,Compound_0021,example_library,O=c1c2ccccc2nc(Sc2c([N+](=O)[O-])cc(C(F)(F)F)cc2[N+](=O)[O-])n1-c1ccc(F)cc1,,,-0.0984175920203048,Sample
B4,0.14852380952380945,Sample,ex_plate1_run2,Compound_0022,example_library,Cc1ccc(-c2nc(C)sc2CC(=O)N(C)C(C)c2ccc(-n3cncn3)cc2)cc1,,,0.2839026440525028,Sample
B5,0.14980952380952378,Sample,ex_plate1_run2,Compound_0023,example_library,CCCCCCn1c(SC)nc2c1c(=O)[nH]c(=O)n2C,,,0.31616091397114726,Sample
B6,0.15957142857142848,Sample,ex_plate1_run2,Compound_0024,example_library,Brc1cc2c(cc1CSc1nnnn1-c1ccccc1)OCO2,,,0.5610848152052887,Sample
B7,0.014285714285714306,Sample,ex_plate1_run2,Compound_0025,example_library,CC1CC(=O)NN=C1c1ccc(NN=C(C#N)C#N)cc1,Levosimendan,,-3.084099685601395,Hit
B8,0.019999999999999966,Sample,ex_plate1_run2,Compound_0026,example_library,O=C(Sc1cccs1)c1cncc(C#Cc2ccccc2)c1,,,-2.940729597074093,Hit
B9,0.1417619047619047,Sample,ex_plate1_run2,,,,,,0.11424803929519428,Sample
B10,0.1703809523809524,Sample,ex_plate1_run2,Compound_0027,example_library,O=C(NCc1nnc2n1CCCCC2)c1ccc(OCC(F)(F)F)nc1,,,0.8322932326694407,Sample
B11,0.15414285714285705,Sample,ex_plate1_run2,Compound_0028,example_library,COc1cc2nc(N(C)CCCNC(=O)C3CCCO3)nc(N)c2cc1OC,UROXATRAL,ALFUZOSIN HYDROCHLORIDE,0.4248832311043508,Sample
B12,0.18919047619047613,Sample,ex_plate1_run2,Compound_0029,example_library,CC(Sc1nc(-c2cccs2)nc2ccccc12)C(=O)NC(C)(C)C,,,1.3042197740718118,Sample
B13,0.16952380952380944,Sample,ex_plate1_run2,Compound_0030,example_library,CCOC(=O)c1c(C)nn(-c2ccc(N3C(=O)CCC3=O)cc2)c1C,,,0.8107877193903422,Sample
B14,0.15342857142857136,Sample,ex_plate1_run2,Compound_0031,example_library,CC[N+](CC)(CC)CCOc1cccc(OCC[N+](CC)(CC)CC)c1OCC[N+](CC)(CC)CC,Gallamine triethiodide (Flaxedil),,0.4069619700384383,Sample
B15,0.17276190476190473,Sample,ex_plate1_run2,Compound_0032,example_library,CC(C)CC(NC(=O)CNC(=O)c1cc(Cl)ccc1Cl)B(O)O,MLN2238,,0.8920307695558154,Sample
B16,0.1632380952380952,Sample,ex_plate1_run2,Compound_0033,example_library,COc1cc(-c2nnc(-c3cccnc3)o2)cc(OC)c1OC,,,0.65308062201031,Sample
B17,0.16523809523809513,Sample,ex_plate1_run2,Compound_0034,example_library,CCCCCC(C)NC(=O)CS(=O)(=O)Cc1c(C)noc1C,,,0.7032601529948642,Sample
B18,0.17276190476190467,Sample,ex_plate1_run2,Compound_0035,example_library,Cc1nnc(Sc2nc3ccc(Cl)cc3s2)n1-c1ccc2c(c1)OCCO2,,,0.8920307695558141,Sample
B19,0.16709523809523796,Sample,ex_plate1_run2,Compound_0036,example_library,Cc1ccc(NC(=O)c2ccc(CN3CCN(C)CC3)cc2)cc1Nc1nccc(-c2cccnc2)n1,Imatinib Mesylate,,0.7498554317662373,Sample
B20,0.09566666666666662,Sample,ex_plate1_run2,Compound_0037,example_library,Cc1ccc(C(=O)n2nc(C)c(Sc3nccn3C)c2C)cc1,,,-1.042270674825052,Sample
B21,0.15466666666666667,Sample,ex_plate1_run2,Compound_0038,example_library,CCOc1ccn(-c2ccc(F)cc2)c(=O)c1C(=O)Nc1ccc(Oc2ccnc(N)c2Cl)c(F)c1,BMS 777607,,0.438025489219356,Sample
B22,0.14952380952380953,Sample,ex_plate1_run2,Compound_0039,example_library,Cc1cc(C(=O)COC(=O)c2cc(C)n(C3CC3)c2C)c(C)s1,,,0.308992409544783,Sample
B23,0.15652380952380943,Negative,ex_plate1_run2,,,,,,0.48462076799072695,Negative
B24,0.019999999999999966,Positive,ex_plate1_run2,,,,,,-2.940729597074093,Positive
C1,0.18204761904761893,Negative,ex_plate1_run2,,,,,,1.1250071634126813,Negative
C3,0.05276190476190475,Sample,ex_plate1_run2,Compound_0040,example_library,CNC(C)C(=O)NC(C(=O)N1CCCC1C(=O)NC(C(=O)NCCCCCCNC(=O)C(NC(=O)C1CCCN1C(=O)C(NC(=O)C(C)NC)C1CCCCC1)C(c1ccccc1)c1ccccc1)C(c1ccccc1)c1ccccc1)C1CCCCC1,BV-6,,-2.1187410895175534,Hit
C4,-0.01085714285714288,Sample,ex_plate1_run2,Compound_0041,example_library,CC(C)N(Cc1ccccc1)S(=O)(=O)c1ccc2c(c1)CCO2,,,-3.7149280751215303,Hit
C5,0.13771428571428565,Sample,ex_plate1_run2,Compound_0042,example_library,Cc1onc(-c2ccccc2)c1C(=O)N1CCC(C)CC1,,,0.012694226588354379,Sample
C6,0.11619047619047618,Sample,ex_plate1_run2,Compound_0043,example_library,O=C(O)CF,1080,SODIUM FLUOROACETATE,-0.5273331068644869,Sample
C7,0.13876190476190467,Sample,ex_plate1_run2,Compound_0044,example_library,Cc1cccc(C)c1N1C(=O)CC(N2CCC(c3ccc(O)cc3)CC2)C1=O,,,0.03897874281835928,Sample
C8,0.1355238095238095,Sample,ex_plate1_run2,Compound_0045,example_library,CCOC(=O)C1CCN(c2nc(OC)nc(OC)n2)CC1,,,-0.04226430734711111,Sample
C9,0.132047619047619,Sample,ex_plate1_run2,Compound_0046,example_library,CCOC(=O)c1sc(SC)nc1N,,,-0.12948111120122108,Sample
C10,0.13623809523809519,Sample,ex_plate1_run2,Compound_0047,example_library,CC(C)(C)C1CCC2(CC1)NC(=O)N(Cc1nc(-c3ccsc3)no1)C2=O,,,-0.02434304628119868,Sample
C11,0.1419523809523809,Sample,ex_plate1_run2,Compound_0048,example_library,COc1ccc(C)cc1-n1nnnc1SCC(=O)N1N=C(c2cccs2)CC1c1cccs1,,,0.11902704224610496,Sample
C12,0.1472380952380952,Sample,ex_plate1_run2,Compound_0049,example_library,CCCS(=O)(=O)Nc1cccc(C(=O)OCc2coc(-c3ccc(F)cc3)n2)c1,,,0.2516443741338604,Sample
C13,0.1447142857142857,Sample,ex_plate1_run2,Compound_0050,example_library,O=C1NC(=S)NC(=O)C1=CC=Cc1c(O)[nH]c(=S)[nH]c1=O,,,0.1883225850343025,Sample
C14,0.1444285714285714,Sample,ex_plate1_run2,Compound_0051,example_library,COc1ccc(CN2CCCN(C(=O)c3cccnc3N3CCOCC3)CC2)cc1,,,0.1811540806079368,Sample
C15,0.1411428571428571,Sample,ex_plate1_run2,Compound_0052,example_library,Cc1nc(Sc2nc(CN3CCOCC3)nc3sc(C)c(C)c23)c(C#N)c(C)c1C,,,0.09871627970473684,Sample
C16,0.006476190476190516,Sample,ex_plate1_run2,Compound_0053,example_library,CC1c2cccn2CCN1S(=O)(=O)c1ccc(F)cc1F,,,-3.280038806588709,Hit
C17,0.14671428571428569,Sample,ex_plate1_run2,Compound_0054,example_library,Cc1noc(C)c1S(=O)(=O)N1CCN(C(=O)c2cc(C)n(C3CC3)c2C)CC1,,,0.23850211601885798,Sample
C18,0.13328571428571417,Sample,ex_plate1_run2,Compound_0055,example_library,N#CC(=Cc1ccc[nH]1)C(=O)Nc1ccc(F)c(F)c1F,,,-0.09841759202030688,Sample
C19,0.14585714285714285,Sample,ex_plate1_run2,Compound_0056,example_library,Cc1nn(-c2ccccc2)c(C)c1C(=O)N1CCN(CC(=O)N2CCCCC2)CC1,,,0.21699660273976307,Sample
C20,0.1433809523809523,Sample,ex_plate1_run2,Compound_0057,example_library,Cc1nn(C)c2sc(C(=O)N(C)c3nc4ccccc4s3)cc12,,,0.1548695643779298,Sample
C21,0.14633333333333332,Sample,ex_plate1_run2,Compound_0058,example_library,CCOc1ccc2oc(C(=O)NCCc3cccs3)c(C)c2c1,,,0.22894411011703802,Sample
C22,0.14371428571428566,Sample,ex_plate1_run2,Compound_0059,example_library,C=CCN(c1ccccc1)S(=O)(=O)c1ccc(Br)cc1Cl,,,0.16323281954202298,Sample
C23,0.1728571428571428,Negative,ex_plate1_run2,,,,,,0.8944202710312698,Negative
D1,0.15238095238095237,Negative,ex_plate1_run2,,,,,,0.38067745380843415,Negative
D3,0.1599999999999999,Sample,ex_plate1_run2,Compound_0060,example_library,CCOC(=O)c1c(N=Cc2ccccc2O)sc2c1CCC2,,,0.5718375718448362,Sample
D4,0.11128571428571421,Sample,ex_plate1_run2,Compound_0061,example_library,CC1CCN(c2ccc3nnnn3n2)CC1,,,-0.6503924328504237,Sample
D5,0.14652380952380942,Sample,ex_plate1_run2,Compound_0062,example_library,CC(C)c1ccc(NC(=S)NNC(=O)NC(=O)c2csc([N+](=O)[O-])c2)cc1,,,0.2337231130679459,Sample
D6,0.13457142857142856,Sample,ex_plate1_run2,Compound_0063,example_library,Clc1ccc(SCc2ccsc2-c2ncns2)cc1,,,-0.06615932210166102,Sample
D7,0.16042857142857145,Sample,ex_plate1_run2,Compound_0064,example_library,O=C(CSc1nnc(-c2ccc[nH]2)o1)N1CCC1,,,0.5825903284843872,Sample
D8,0.15752380952380945,Sample,ex_plate1_run2,Compound_0065,example_library,CC(=O)c1ccc(N2CCN(C(=O)c3sccc3-n3cccc3)CC2)c(F)c1,,,0.5097105334830058,Sample
D9,0.14671428571428563,Sample,ex_plate1_run2,Compound_0066,example_library,Cc1nc(C)c(-c2ccn(C(=O)c3c(C)noc3C)n2)o1,,,0.2385021160188566,Sample
D10,0.1725238095238095,Sample,ex_plate1_run2,Compound_0067,example_library,S=C(NCc1ccco1)Nc1cccnc1,,,0.886057015867178,Sample
D11,0.17052380952380933,Sample,ex_plate1_run2,Compound_0068,example_library,CC(C)(C)OC(=O)NCCN=Cc1ccc(Cl)cc1,,,0.8358774848826176,Sample
D12,0.15457142857142847,Sample,ex_plate1_run2,Compound_0069,example_library,Cn1cnc([N+](=O)[O-])c1SCc1csc2ccccc12,,,0.4356359877438982,Sample
D13,0.15923809523809518,Sample,ex_plate1_run2,Compound_0070,example_library,CC1CCc2nc(NC(=O)Cc3c(F)cccc3Cl)sc2C1,,,0.552721560041197,Sample
D14,0.12971428571428567,Sample,ex_plate1_run2,Compound_0071,example_library,COc1ccc(C(C)=O)cc1COc1ccc(Cl)c(C)c1,,,-0.18802389734986974,Sample
D15,0.14828571428571424,Sample,ex_plate1_run2,Compound_0072,example_library,Clc1cc(Cl)c2c(c1)C=C1CCCCC1(N1CCCC1)O2,,,0.27792889036386603,Sample
D16,0.1549047619047618,Sample,ex_plate1_run2,Compound_0073,example_library,O=C1CCCC(OC(=O)c2ccccc2Cl)=C1Cl,,,0.4439992429079907,Sample
D17,0.1429523809523809,Sample,ex_plate1_run2,Compound_0074,example_library,CC(Nc1ccc2nnc(C(F)(F)F)n2n1)c1ccncc1,,,0.14411680773838237,Sample
D18,0.1152857142857142,Sample,ex_plate1_run2,Compound_0075,example_library,Cc1cc(Br)c(NC(=S)NC(=O)C(C)(C)C)c(Br)c1,,,-0.5500333708813117,Sample
D19,0.05004761904761905,Sample,ex_plate1_run2,Compound_0076,example_library,Cc1ccc(-n2nnnc2SCC(=O)N2CCOCC2)c(C)c1,,,-2.1868418815680224,Hit
D20,0.143047619047619,Sample,ex_plate1_run2,Compound_0077,example_library,CCc1ccc(C(NCC(=O)NC2(C#N)CCCCCC2)c2cccs2)cc1,,,0.14650630921383806,Sample
D21,0.08280952380952378,Sample,ex_plate1_run2,Compound_0078,example_library,CCOC(=O)C(=CNNC(=O)C1C2C=CC(C2)C1C(=O)O)C(=O)OCC,,,-1.364853374011484,Sample
D22,0.13947619047619048,Sample,ex_plate1_run2,Compound_0079,example_library,CC(C)OCc1ccccc1CNC(C(N)=O)c1ccccc1,,,0.0569000038842745,Sample
D23,0.18104761904761899,Negative,ex_plate1_run2,,,,,,1.0999173979204044,Negative
E1,0.1725238095238095,Negative,ex_plate1_run2,,,,,,0.886057015867178,Negative
E3,0.10785714285714278,Sample,ex_plate1_run2,Compound_0080,example_library,CCOC(=O)c1[nH]c(C)c(C(=O)OCC(=O)OC)c1C,,,-0.7364144859668058,Sample
E4,0.058523809523808645,Sample,ex_plate1_run2,Compound_0081,example_library,Clc1ccc(N2CCN(c3nnnn3-c3ccccc3)CC2)cc1Cl,,,-1.9741762502525444,Sample
E5,0.12723809523809523,Sample,ex_plate1_run2,Compound_0082,example_library,Cc1nc(COc2ccc(C(=O)OCc3nnnn3-c3ccccc3)cc2)cs1,,,-0.2501509357117002,Sample
E6,0.10357142857142854,Sample,ex_plate1_run2,Compound_0083,example_library,Cc1ccc(N(C)NC(=O)NC(=O)c2c(F)cccc2Cl)nn1,,,-0.8439420523622821,Sample
E7,0.13704761904761897,Sample,ex_plate1_run2,Compound_0084,example_library,Cc1nn2c(nc(-n3cnnc3)c3ccccc32)c1Cl,,,-0.004032283739831255,Sample
E8,0.11776190476190462,Sample,ex_plate1_run2,Compound_0085,example_library,O=C(Nc1nncs1)C1CCN(C(=O)c2ccsc2)CC1,,,-0.48790633251948157,Sample
E9,0.14871428571428563,Sample,ex_plate1_run2,Compound_0086,example_library,COc1ccc(N(CC(=O)NCC(C)C)S(=O)(=O)c2cc(C)ccc2C)cc1,,,0.2886816470034128,Sample
E10,0.12885714285714292,Sample,ex_plate1_run2,Compound_0087,example_library,Cc1cn(CCC(=O)Nc2ccc(N3CCOCC3)cc2)c2ccccc12,,,-0.20952941062896258,Sample
E11,0.13795238095238085,Sample,ex_plate1_run2,Compound_0088,example_library,COc1ccc(C(C)(C)C)cc1S(=O)(=O)NC1CC(C)(C)NC(C)(C)C1,,,0.01866798027699116,Sample
E12,0.14161904761904756,Sample,ex_plate1_run2,Compound_0089,example_library,Cc1ccc(SCc2nccn2Cc2ccc(Cl)cc2)cc1,,,0.1106637870820118,Sample
E13,0.1251428571428571,Sample,ex_plate1_run2,Compound_0090,example_library,Brc1ccc(-c2nnc(CN3CCN(Cc4nc5ccccc5s4)CC3)o2)s1,,,-0.3027199681717121,Sample
E14,0.1321904761904762,Sample,ex_plate1_run2,Compound_0091,example_library,O=C(N1CCCCC1)N1CCN(c2nc3ccccc3o2)CC1,,,-0.12589685898803718,Sample
E15,0.14990476190476182,Sample,ex_plate1_run2,Compound_0092,example_library,COc1cccc(NC(=O)CN(C)C(=O)CCCc2nc3ccccc3s2)c1,,,0.3185504154466009,Sample
E16,0.1443809523809523,Sample,ex_plate1_run2,Compound_0093,example_library,Cc1ccc(Cl)cc1NC(=O)C(C)Sc1nnc(-c2ccc3c(c2)OCO3)n1-c1ccccc1,,,0.17995932987020793,Sample
E17,0.14314285714285716,Sample,ex_plate1_run2,Compound_0094,example_library,Cc1cccc(C(=O)N2CCCN(S(=O)(=O)c3cccc4cc(C)cnc34)CC2)c1,,,0.14889581068929444,Sample
E18,0.1530952380952381,Sample,ex_plate1_run2,Compound_0095,example_library,CCN(CCNC(=O)Cn1cc(C(F)(F)F)ccc1=O)c1cccc(C)c1,,,0.3985987148743473,Sample
E19,0.140047619047619,Sample,ex_plate1_run2,Compound_0096,example_library,Cc1cc(NC(=O)CN2CCCC2)no1,,,0.07123701273700375,Sample
E20,0.14657142857142857,Sample,ex_plate1_run2,Compound_0097,example_library,CCS(=O)(=O)N1CCC(C(=O)Nc2ccccc2N2CCCCC2)CC1,,,0.2349178638056762,Sample
E21,0.1475238095238095,Sample,ex_plate1_run2,Compound_0098,example_library,COCCNC(=O)c1ccccc1NCc1cc(=O)oc2c(C)c(C)ccc12,,,0.2588128785602261,Sample
E22,0.13814285714285704,Sample,ex_plate1_run2,Compound_0099,example_library,Cc1ccccc1C(=O)NC(CC(C)C)C(=O)Nc1nnc(C2CC2)s1,,,0.02344698322790114,Sample
E23,0.17547619047619042,Negative,ex_plate1_run2,,,,,,0.9601315616062841,Negative
F1,0.16861904761904756,Negative,ex_plate1_run2,,,,,,0.7880874553735199,Negative
F3,0.17023809523809524,Sample,ex_plate1_run2,Compound_0100,example_library,O=[N+]([O-])c1cc(Br)c(O)c(Br)c1,,,0.8287089804562575,Sample
F4,0.1601904761904762,Sample,ex_plate1_run2,Compound_0101,example_library,CC1CC(C)CN(Cc2nc(N)nc(N(C)C)n2)C1,,,0.576616574795749,Sample
F5,0.16038095238095235,Sample,ex_plate1_run2,Compound_0102,example_library,O=C(NC(=O)c1c(F)cccc1F)Nc1cc(Cl)c(OC(F)(F)C(F)C(F)(F)F)cc1Cl,PROGRAM,LUFENURON,0.5813955777466583,Sample
F6,0.1412857142857142,Sample,ex_plate1_run2,Compound_0103,example_library,O=[N+]([O-])c1ccc(N2CCCC(CO)C2)c2ncccc12,,,0.10230053191791863,Sample
F7,0.1578571428571428,Sample,ex_plate1_run2,Compound_0104,example_library,CC(NC(=O)CSc1ccc([N+](=O)[O-])cc1)c1cccc(Br)c1,,,0.5180737886470989,Sample
F8,0.15523809523809512,Sample,ex_plate1_run2,Compound_0105,example_library,C#CCn1c(CSc2ccccc2)nc2ccccc21,,,0.4523624980720832,Sample
F9,0.14666666666666658,Sample,ex_plate1_run2,Compound_0106,example_library,S=C(NC1CCCCC1)N1CC2CCC(CC2)C1,,,0.2373073652811291,Sample
F10,0.14857142857142858,Sample,ex_plate1_run2,Compound_0107,example_library,O=c1cc(-c2ccccc2)sc2ccc(Cl)cc12,,,0.2850973947902324,Sample
F11,0.15347619047619046,Sample,ex_plate1_run2,Compound_0108,example_library,COc1ccc(NC(=O)c2ccccc2C(F)(F)F)cc1OC1CCCC1,,,0.4081567207761672,Sample
F12,0.15709523809523812,Sample,ex_plate1_run2,Compound_0109,example_library,C#CC1(NC(=O)C=CC(=O)O)CCCCC1,,,0.4989577768434604,Sample
F13,0.15152380952380945,Sample,ex_plate1_run2,Compound_0110,example_library,O=S(=O)(c1cccc(C(F)(F)F)c1)N(Cc1ccc2c(c1)OCO2)c1ccc(F)cc1,,,0.3591719405293371,Sample
F14,0.054952380952380864,Sample,ex_plate1_run2,Compound_0111,example_library,Cn1cnc([N+](=O)[O-])c1NC1Cc2ccccc2C1,,,-2.063782555582089,Hit
F15,0.161047619047619,Sample,ex_plate1_run2,Compound_0112,example_library,C[n+]1cc2c3c(ccc2c2ccc4cc5c(cc4c21)OCO5)OCO3,VIADENT,SANGUINARIUM CHLORIDE,0.5981220880748432,Sample
F16,0.16028571428571423,Sample,ex_plate1_run2,Compound_0113,example_library,CSc1nnc(CCCO)n1-c1ccc(Cl)cc1Cl,,,0.5790060762712026,Sample
F17,0.1518571428571428,Sample,ex_plate1_run2,Compound_0114,example_library,NS(=O)(=O)c1ccc(NC(=O)CSc2nnc(-c3ccco3)n2-c2ccccc2)cc1,,,0.3675351956934303,Sample
F18,0.11347619047619038,Sample,ex_plate1_run2,Compound_0115,example_library,CCOC(=O)c1c(C)n(C)c2ccc(OCCN(C)C)cc12,,,-0.5954338989149579,Sample
F19,0.1156666666666667,Sample,ex_plate1_run2,Compound_0116,example_library,COC(=O)Nc1ccc(-c2nc(N3CCOCC3)c3cnn(C4CCN(C(=O)OC)CC4)c3n2)cc1,WYE-354,,-0.5404753649794886,Sample
F20,0.14680952380952375,Sample,ex_plate1_run2,Compound_0117,example_library,Cc1cc2nnc(SC(C)C(=O)NCCc3cccs3)n2c2ccccc12,,,0.2408916174943123,Sample
F21,0.15219047619047613,Sample,ex_plate1_run2,Compound_0118,example_library,Cc1nn(C2CCS(=O)(=O)C2)c(C)c1CN(C)c1ncnc2c1cnn2C,,,0.37589845085752277,Sample
F22,0.12671428571428572,Sample,ex_plate1_run2,Compound_0119,example_library,CC1CN(C(=O)CN2C(=O)NC3(CCSC3)C2=O)CC(C)O1,,,-0.26329319382670263,Sample
F23,0.16495238095238093,Negative,ex_plate1_run2,,,,,,0.6960916485685013,Negative
G1,0.17276190476190467,Negative,ex_plate1_run2,,,,,,0.8920307695558141,Negative
G3,0.11852380952380948,Sample,ex_plate1_run2,Compound_0120,example_library,O=C(NCCNc1nccc(C(F)(F)F)n1)Nc1cccc(Cl)c1Cl,,,-0.4687903207158388,Sample
G4,0.12023809523809526,Sample,ex_plate1_run2,Compound_0121,example_library,N#CC(c1ccccc1)N(CCO)CCO,,,-0.4257792941576462,Sample
G5,0.11571428571428567,Sample,ex_plate1_run2,Compound_0122,example_library,Nc1cc(S(=O)(=O)N2CCOCC2)ccc1Cl,,,-0.5392806142417628,Sample
G6,0.12899999999999992,Sample,ex_plate1_run2,Compound_0123,example_library,O=C(NC(=O)c1c(Cl)cccc1Cl)Nc1cc(C(F)(F)F)cc(C(F)(F)F)c1,,,-0.20594515841578356,Sample
G7,0.13433333333333328,Sample,ex_plate1_run2,Compound_0124,example_library,O=C(C1=COCCO1)N1CCN(c2ccccc2)CC1,,,-0.07213307579029989,Sample
G8,0.12009523809523803,Sample,ex_plate1_run2,Compound_0125,example_library,O=C1OC(C(=O)N2CCSc3ccc(Cl)cc32)Cc2ccccc21,,,-0.4293635463708308,Sample
G9,0.12809523809523807,Sample,ex_plate1_run2,Compound_0126,example_library,CC(=O)c1ccc2c(c1)Nc1ccccc1S2,,,-0.22864542243260527,Sample
G10,0.1200952380952381,Sample,ex_plate1_run2,Compound_0127,example_library,CC1(C)CC(=O)C=C(SCc2cccc(Cl)c2)S1,,,-0.4293635463708291,Sample
G11,0.14876190476190476,Sample,ex_plate1_run2,Compound_0128,example_library,O=S(=O)(NCc1ccco1)c1ccc(I)cc1,,,0.2898763977411424,Sample
G12,-0.025952380952380928,Sample,ex_plate1_run2,Compound_0129,example_library,CCN(Cc1ccc2c(c1)OCCO2)S(=O)(=O)c1c(C)noc1C,,,-4.0936640589811555,Hit
G13,0.13514285714285712,Sample,ex_plate1_run2,Compound_0130,example_library,COc1cc(CN2C(=O)C(=O)N(C(C)C)C2=O)ccc1OC(F)F,,,-0.05182231324893107,Sample
G14,0.05538095238095232,Sample,ex_plate1_run2,Compound_0131,example_library,CCc1nnc(Cn2cnc3ccccc3c2=O)o1,,,-2.0530297989425406,Hit
G15,0.14014285714285707,Sample,ex_plate1_run2,Compound_0132,example_library,CC12CS(=O)(=O)CC1SC(=N)N2,,,0.07362651421245804,Sample
G16,0.13766666666666666,Sample,ex_plate1_run2,Compound_0133,example_library,CSC1=CC(=O)CC(C)(C)S1,,,0.011499475850628276,Sample
G17,0.14928571428571424,Sample,ex_plate1_run2,Compound_0134,example_library,CCc1nc2ccccc2nc1N1CCCC1,,,0.3030186558561441,Sample
G18,0.1163809523809523,Sample,ex_plate1_run2,Compound_0135,example_library,CCOC(=O)c1sc(N(Cc2ccc(F)cc2)C(=O)c2cc(OC)c(OC)c(OC)c2)nc1C,,,-0.5225541039135786,Sample
G19,0.14538095238095233,Sample,ex_plate1_run2,Compound_0136,example_library,Cc1cccn2c(=O)cc(CN(C)CC(=O)Nc3ccc(Cl)c(C(F)(F)F)c3)nc12,,,0.20504909536248672,Sample
G20,0.15261904761904763,Sample,ex_plate1_run2,Compound_0137,example_library,COc1ccc(CCCN(C)C(=O)c2ccc(NC(C)=O)s2)cc1OC,,,0.3866512074970723,Sample
G21,0.13699999999999998,Sample,ex_plate1_run2,Compound_0138,example_library,S=C(NC1CCCCC1)Sc1ccc(Cl)cc1,,,-0.005227034477557358,Sample
G22,0.1479523809523809,Sample,ex_plate1_run2,Compound_0139,example_library,CC(c1ccc(F)cc1)N(C)C(=O)CSc1ncnc2ccsc12,,,0.2695656351997729,Sample
G23,0.1814285714285714,Negative,ex_plate1_run2,,,,,,1.1094754038222259,Negative
H1,0.17023809523809524,Negative,ex_plate1_run2,,,,,,0.8287089804562575,Negative
H3,0.16276190476190472,Sample,ex_plate1_run2,Compound_0140,example_library,Cc1ccc(CNC(=O)c2ccccc2NC(=O)COC(=O)c2cc3ccccc3[nH]2)cc1,,,0.6411331146330345,Sample
H4,0.15895238095238087,Sample,ex_plate1_run2,Compound_0141,example_library,COc1ccc(-c2nc(=O)c3ccccc3o2)cc1OC,,,0.5455530556148313,Sample
H5,0.14899999999999994,Sample,ex_plate1_run2,Compound_0142,example_library,Cc1nc(SC2CCCCNC2=O)n(C2CCCCC2)c1C,,,0.2958501514297785,Sample
H6,0.1252857142857143,Sample,ex_plate1_run2,Compound_0143,example_library,Cc1cc(C)n2nc(Sc3ncccn3)nc2n1,,,-0.2991357159585282,Sample
H7,0.13804761904761895,Sample,ex_plate1_run2,Compound_0144,example_library,COc1c(NC(=O)N2CC(C)OC(C)C2)csc1Cl,,,0.02105748175244615,Sample
H8,0.16971428571428565,Sample,ex_plate1_run2,Compound_0145,example_library,CC(C)CCC(C)NC(=O)c1cc([N+](=O)[O-])c[nH]1,,,0.8155667223412529,Sample
H9,0.10099999999999995,Sample,ex_plate1_run2,Compound_0146,example_library,CC1CCCN(S(=O)(=O)NCCCN(C)c2ccccc2)C1,,,-0.908458592199569,Sample
H10,0.1634761904761903,Sample,ex_plate1_run2,Compound_0147,example_library,COc1cc2c(cc1OC)CN(CN1C(=O)C(=O)N(Cc3ccccc3)C1=O)CC2,,,0.6590543756989441,Sample
H11,0.15457142857142847,Sample,ex_plate1_run2,Compound_0148,example_library,CSc1cccc(NC(=S)NCc2ccc(F)cc2)c1,,,0.4356359877438982,Sample
H12,0.15133333333333335,Sample,ex_plate1_run2,Compound_0149,example_library,Cc1cc(C)c(C)c(S(=O)(=O)NCCC(C)C)c1C,,,0.3543929375784292,Sample
H13,0.14952380952380942,Sample,ex_plate1_run2,Compound_0150,example_library,O=[N+]([O-])c1cc2c(c(CSc3nnc(NC4CCCCC4)s3)c1)OCOC2,,,0.30899240954478024,Sample
H14,0.15799999999999997,Sample,ex_plate1_run2,Compound_0151,example_library,CC1c2ccsc2CCN1Cc1ncc(-c2ccc(F)cc2)o1,,,0.5216580408602821,Sample
H15,0.13319047619047608,Sample,ex_plate1_run2,Compound_0152,example_library,CC(C)S(=O)(=O)c1cnc(N2CCCC2)nc1N,,,-0.10080709349576188,Sample
H16,0.1569047619047618,Sample,ex_plate1_run2,Compound_0153,example_library,CCN(Cc1nc2cc(C(F)(F)F)ccc2c(=O)[nH]1)Cc1ccc(Cl)s1,,,0.4941787738925469,Sample
H17,-0.015380952380952386,Sample,ex_plate1_run2,Compound_0154,example_library,COc1ccc(CCNC(=O)c2ccccc2NC(=O)CN2CCN(C(C)=O)CC2)cc1,,,-3.8284293952056454,Hit
H18,0.1487142857142856,Sample,ex_plate1_run2,Compound_0155,example_library,FC(F)(F)c1ccnc(N2CCN(Cc3ccc4c(c3)CCO4)CC2)n1,,,0.2886816470034121,Sample
H19,0.12471428571428565,Sample,ex_plate1_run2,Compound_0156,example_library,O=C(CSc1ccc(F)cc1)N1CCN(c2ccccc2)CC1,,,-0.3134727248112606,Sample
H20,0.1502857142857143,Sample,ex_plate1_run2,Compound_0157,example_library,Clc1cc(Cl)cc(Nc2ncnc(-n3cccc3)n2)c1,,,0.3281084213484236,Sample
H21,0.1074285714285714,Sample,ex_plate1_run2,Compound_0158,example_library,COc1ccc(OCCN(C)C(=O)Cc2c(C)nn(C)c2C)cc1,,,-0.7471672426063523,Sample
H22,0.1728571428571428,Sample,ex_plate1_run2,Compound_0159,example_library,COCCNC(=O)C(CC(C)C)NC(=O)c1ccc(Cl)cc1Cl,,,0.8944202710312698,Sample
H23,0.14857142857142847,Negative,ex_plate1_run2,,,,,,0.2850973947902296,Negative
I1,0.1849047619047619,Negative,ex_plate1_run2,,,,,,1.1966922076763358,Negative
I3,0.12247619047619042,Sample,ex_plate1_run2,Compound_0160,example_library,CC(Oc1ccc(Br)cc1Br)C(=O)N1CCNC1=O,,,-0.3696260094844543,Sample
I4,0.12309523809523813,Sample,ex_plate1_run2,Compound_0161,example_library,,,,-0.3540942498939941,Sample
I5,0.13609523809523816,Sample,ex_plate1_run2,Compound_0162,example_library,CCCc1ccc(-c2nc(-c3c(Cl)cccc3Cl)no2)cc1,,,-0.027927298494378378,Sample
I6,0.14123809523809522,Sample,ex_plate1_run2,Compound_0163,example_library,Cc1nn(CC(C)C)c2sc(C(=O)OC(C)C(=O)N3CC(=O)Nc4ccccc43)cc12,,,0.10110578118019253,Sample
I7,0.14823809523809522,Sample,ex_plate1_run2,Compound_0164,example_library,O=C(CSc1nc2cc(Cl)ccc2s1)NC(=O)NCc1ccco1,,,0.27673413962613924,Sample
I8,0.14542857142857138,Sample,ex_plate1_run2,Compound_0165,example_library,CC1CCCCC1NC(=O)c1ccccc1I,,,0.2062438461002142,Sample
I9,0.1451904761904761,Sample,ex_plate1_run2,Compound_0166,example_library,O=C(Nc1ccc2c(c1)OC(F)(F)O2)c1cccc(Nc2ncccn2)c1,,,0.20027009241157534,Sample
I10,0.14528571428571427,Sample,ex_plate1_run2,Compound_0167,example_library,Cc1cccc(N=Cc2cc(Cl)cc(Cl)c2O)c1C,,,0.20265959388703242,Sample
I11,0.13614285714285712,Sample,ex_plate1_run2,Compound_0168,example_library,c1csc(-c2noc(CCCN3CCNCC3)n2)c1,,,-0.026732547756652972,Sample
I12,0.16976190476190467,Sample,ex_plate1_run2,Compound_0169,example_library,Cn1ccnc1SCCNc1ncnc2c1cnn2C,,,0.8167614730789797,Sample
I13,0.13257142857142856,Sample,ex_plate1_run2,Compound_0170,example_library,CC(C)(C)NC(=O)CSc1nnnn1CC1CCCO1,,,-0.11633885308621722,Sample
I14,0.149095238095238,Sample,ex_plate1_run2,Compound_0171,example_library,Cc1ccc(OC(=O)c2ccc(C(C)(C)C)cc2)c(Br)c1,,,0.29823965290523274,Sample
I15,0.15523809523809526,Sample,ex_plate1_run2,Compound_0172,example_library,O=C(Cn1ncc(Cl)c(Cl)c1=O)N(C1=CCCCC1)C1CC1,,,0.45236249807208667,Sample
I16,0.16128571428571425,Sample,ex_plate1_run2,Compound_0173,example_library,O=C(Nc1ccccc1)Nc1cccnc1N1CCC(C(F)(F)F)CC1,,,0.6040958417634814,Sample
I17,0.1513333333333333,Sample,ex_plate1_run2,Compound_0174,example_library,Cc1ccccc1N1CCNCC1,,,0.3543929375784278,Sample
I18,0.11085714285714282,Sample,ex_plate1_run2,Compound_0175,example_library,c1cc2c(cc1C1(CNc3ccc4nnnn4n3)CCCC1)OCCO2,,,-0.6611451894899705,Sample
I19,0.15461904761904752,Sample,ex_plate1_run2,Compound_0176,example_library,Cc1nc(-c2nnc(SCC(=O)c3ccc(F)cc3)n2C)cs1,,,0.43683073848162574,Sample
I20,0.16199999999999995,Sample,ex_plate1_run2,Compound_0177,example_library,CSc1nc(N2CCCC2)nc(-c2ccco2)c1C#N,,,0.6220171028293938,Sample
I21,0.14385714285714285,Sample,ex_plate1_run2,Compound_0178,example_library,O=C1c2ccccc2NC(c2cccc(O)c2O)N1C1CC1,,,0.16681707175520688,Sample
I22,0.18104761904761899,Sample,ex_plate1_run2,Compound_0179,example_library,Cc1nc(-c2cccs2)sc1C(=O)NNS(=O)(=O)c1ccc(Cl)cc1,,,1.0999173979204044,Sample
I23,0.1777619047619047,Negative,ex_plate1_run2,,,,,,1.0174795970172053,Negative
J1,0.1709047619047619,Negative,ex_plate1_run2,,,,,,0.8454354907844425,Negative
J3,0.1735714285714285,Sample,ex_plate1_run2,Compound_0180,example_library,,,,0.9123415320971822,Sample
J4,0.14233333333333328,Sample,ex_plate1_run2,Compound_0181,example_library,Cn1c(=O)cc(N2CCCC(N)C2)n(Cc2ccccc2C#N)c1=O,Alogliptin??SYR-322??,,0.12858504814792493,Sample
J5,0.1849047619047619,Sample,ex_plate1_run2,Compound_0182,example_library,CC(C)C(OC(=O)c1ccccc1)c1nccc2ccccc12,,,1.1966922076763358,Sample
J6,0.11652380952380942,Sample,ex_plate1_run2,Compound_0183,example_library,COc1ccccc1-n1cnnc1SCC(=O)NC(C)c1ccc(Cl)cc1Cl,,,-0.5189698517003964,Sample
J7,0.1292380952380952,Sample,ex_plate1_run2,Compound_0184,example_library,Cc1ccc(SC(=O)c2csnn2)cc1,,,-0.1999714047271447,Sample
J8,0.1607619047619047,Sample,ex_plate1_run2,Compound_0185,example_library,COc1cc(C(C)O)ccc1COc1ccc(CO)cc1OC,,,0.5909535836484775,Sample
J9,0.17480952380952375,Sample,ex_plate1_run2,Compound_0186,example_library,Cc1ccc(S(=O)(=O)N2CCN(Cc3ccccc3)CC2)cc1,,,0.9434050512780985,Sample
J10,0.1834285714285714,Sample,ex_plate1_run2,Compound_0187,example_library,COc1ccc(S(=O)(=O)NCCCN(C)C2CCCCC2)cc1OC,,,1.1596549348067822,Sample
J11,0.16171428571428567,Sample,ex_plate1_run2,Compound_0188,example_library,FC(F)(F)c1cc(SCc2c(Cl)cccc2Cl)cc(C(F)(F)F)c1,,,0.6148485984030289,Sample
J12,0.1527142857142857,Sample,ex_plate1_run2,Compound_0189,example_library,CC(C)(C)c1ccc(OCCNC(=O)Cc2csc(NC(=O)c3ccco3)n2)cc1,,,0.3890407089725266,Sample
J13,0.1644761904761905,Sample,ex_plate1_run2,Compound_0190,example_library,O=C(c1cncc(-c2cccs2)c1)N1CCN(C2c3ccccc3-c3ccccc32)CC1,,,0.684144141191227,Sample
J14,0.10776190476190471,Sample,ex_plate1_run2,Compound_0191,example_library,O=C(c1ccccc1)C1CCN(C(=O)C(F)(F)F)CC1,,,-0.7388039874422602,Sample
J15,0.057952380952380894,Sample,ex_plate1_run2,Compound_0192,example_library,Cc1cc(O)nc(C23CC4CC(CC(C4)C2)C3)n1,,,-1.9885132591052541,Sample
J16,0.17080952380952372,Sample,ex_plate1_run2,Compound_0193,example_library,CC(NC(=O)c1cccc(S(=O)(=O)N2CCc3ccccc32)c1)c1ccc(-n2cncn2)cc1,,,0.8430459893089853,Sample
J17,0.09290476190476182,Sample,ex_plate1_run2,Compound_0194,example_library,CCOC(=O)c1c(NC(=O)c2ccc(C(C)(C)C)cc2)nc(SC)n1-c1ccccc1OC,,,-1.1115662176132495,Sample
J18,0.16166666666666663,Sample,ex_plate1_run2,Compound_0195,example_library,CC(=O)c1c(C)nc(C)nc1SCc1nc(-c2cccs2)oc1C,,,0.6136538476653013,Sample
J19,0.06957142857142797,Sample,ex_plate1_run2,Compound_0196,example_library,O=C(Nc1cc(C(F)(F)F)cc(C(F)(F)F)c1)NS(=O)(=O)c1ccc(Cl)cc1,,,-1.6969940790997513,Sample
J20,0.1814285714285714,Sample,ex_plate1_run2,Compound_0197,example_library,Cc1nc2cc(-c3ccccc3)nn2c(C)c1Sc1nccc(-c2cccnc2)n1,,,1.1094754038222259,Sample
J21,0.17838095238095236,Sample,ex_plate1_run2,Compound_0198,example_library,Cc1ccc(NC(=O)CN(C)CC(=O)Nc2cc3c(cc2Cl)OCCCO3)cc1,,,1.0330113566076642,Sample
J22,0.17547619047619042,Sample,ex_plate1_run2,Compound_0199,example_library,CCOC(=O)CSc1c(C(=O)OCC)c(=O)n(-c2ccccc2)c(=S)n1-c1ccccc1,,,0.9601315616062841,Sample
J23,0.17152380952380958,Negative,ex_plate1_run2,,,,,,0.860967250374902,Negative
K1,0.13571428571428568,Negative,ex_plate1_run2,,,,,,-0.03748530439620113,Negative
K3,0.12819047619047608,Sample,ex_plate1_run2,Compound_0200,example_library,O=C(O)Cc1noc2ccccc12,,,-0.22625592095715238,Sample
K4,0.13833333333333328,Sample,ex_plate1_run2,Compound_0201,example_library,CCCCN(C(=O)C1CCCO1)c1c(N)n(CCC)c(=O)[nH]c1=O,,,0.028225986178812515,Sample
K5,0.12328571428571418,Sample,ex_plate1_run2,Compound_0202,example_library,O=C1OCCC1Nc1ccccc1Oc1ccccc1,,,-0.3493152469430876,Sample
K6,0.14347619047619042,Sample,ex_plate1_run2,Compound_0203,example_library,CSC1=NC(=Cc2ccc([N+](=O)[O-])cc2)C(=O)N1CCOc1cccc(Cl)c1,,,0.1572590658533855,Sample
K7,0.14347619047619048,Sample,ex_plate1_run2,Compound_0204,example_library,CN(CC(=O)N1CCc2sccc2C1)Cc1nc2ccccc2s1,,,0.1572590658533869,Sample
K8,0.12323809523809527,Sample,ex_plate1_run2,Compound_0205,example_library,Cc1noc(-c2ccc(CSCCC(=O)O)cc2)c1NC(=O)OC(C)c1ccccc1Cl,Ki16425,,-0.35050999768081154,Sample
K9,0.1534761904761904,Sample,ex_plate1_run2,Compound_0206,example_library,CSc1ccc(C2SCC(=O)N2CC2COc3ccccc3O2)cc1,,,0.4081567207761658,Sample
K10,0.12880952380952368,Sample,ex_plate1_run2,Compound_0207,example_library,COc1cc([N+](=O)[O-])c(OC)cc1SCC(=O)NNC(=S)Nc1cc(C(F)(F)F)ccc1Cl,,,-0.21072416136669495,Sample
K11,0.14890476190476187,Sample,ex_plate1_run2,Compound_0208,example_library,O=S(=O)(NCCCN1CCOCC1)c1ccc(I)cc1,,,0.2934606499543242,Sample
K12,0.15766666666666665,Sample,ex_plate1_run2,Compound_0209,example_library,O=[N+]([O-])C=Cc1cccc(Oc2ccccc2)c1,,,0.5132947856961896,Sample
K13,0.15366666666666667,Sample,ex_plate1_run2,Compound_0210,example_library,CC(=O)OCC(=O)C1(O)CCC2C3CCC4CC(O)CCC4(C)C3C(=O)CC21C,,TETRAHYDROCORTISONE-21-ACETATE,0.41293572372707793,Sample
K14,0.14347619047619045,Sample,ex_plate1_run2,Compound_0211,example_library,O=C1CCCC(=O)C1=CNc1ccc(Cl)cc1,,,0.1572590658533862,Sample
K15,0.13733333333333325,Sample,ex_plate1_run2,Compound_0212,example_library,CC(OC(=O)c1n[nH]c2ccccc12)C(=O)Nc1ccc(F)c(F)c1F,,,0.0031362206865337182,Sample
K16,0.1642857142857142,Sample,ex_plate1_run2,Compound_0213,example_library,O=C(OCc1cc(=O)n2ccccc2n1)C1=Cc2ccccc2OC1,,,0.6793651382403143,Sample
K17,0.1600952380952381,Sample,ex_plate1_run2,Compound_0214,example_library,O=C(CCCN1CCC2(CC1)C(=O)NCN2c1ccccc1)c1ccc(F)cc1,SPIROPITAN,SPIPERONE,0.574227073320294,Sample
K18,0.15647619047619046,Sample,ex_plate1_run2,Compound_0215,example_library,O=C(CSC1=NCCS1)NC1CCCCCCC1,,,0.48342601725300155,Sample
K19,0.1379047619047619,Sample,ex_plate1_run2,Compound_0216,example_library,CCCCNCCCCOc1cc(Cl)ccc1Cl,,,0.017473229539265753,Sample
K20,0.1550952380952382,Sample,ex_plate1_run2,Compound_0217,example_library,O=C(CN(Cc1ccco1)Cc1ccco1)Nc1c(F)cccc1F,,,0.44877824585890624,Sample
K21,0.1706666666666666,Sample,ex_plate1_run2,Compound_0218,example_library,COc1ccc(C=C2N=C(SCC3CCCO3)N(Cc3ccccc3)C2=O)cc1,,,0.8394617370958035,Sample
K22,0.16580952380952374,Sample,ex_plate1_run2,Compound_0219,example_library,CC(C)(C)c1nc(-c2ccc(C(F)(F)F)cc2)c2c(C(F)(F)F)cccc2n1,,,0.7175971618475955,Sample
K23,0.17628571428571424,Negative,ex_plate1_run2,,,,,,0.9804423241476522,Negative
L1,0.1868095238095237,Negative,ex_plate1_run2,,,,,,1.2444822371854343,Negative
L3,0.1718095238095238,Sample,ex_plate1_run2,Compound_0220,example_library,COC(=O)c1sccc1-c1ccc(C=NOC(=O)c2cccs2)o1,,,0.8681357548012655,Sample
L4,0.1584285714285713,Sample,ex_plate1_run2,Compound_0221,example_library,Cc1ccc(C(=O)CCC(=O)N2CCCN(S(=O)(=O)c3ccc(F)cc3)CC2)s1,,,0.5324107974998274,Sample
L5,0.16895238095238085,Sample,ex_plate1_run2,Compound_0222,example_library,O=C1OCC(c2ccc(Cl)cc2)=C1c1ccc([N+](=O)[O-])cc1,,,0.7964507105376116,Sample
L6,0.027047619047619056,Sample,ex_plate1_run2,Compound_0223,example_library,CC(=Cc1ccccn1)C(=O)c1c(C)c(C)c(C)c(C)c1C,,,-2.763906487890418,Hit
L7,0.15828571428571425,Sample,ex_plate1_run2,Compound_0224,example_library,C#CCN(C)CC1=Cc2ccccc2Oc2ccccc21,CGP 3466B,,0.5288265452866471,Sample
L8,0.1643333333333332,Sample,ex_plate1_run2,Compound_0225,example_library,Cc1cc(-n2nc(-c3cccc(C(F)(F)F)c3)cc2N)nc2c1c(C)nn2C,,,0.6805598889780404,Sample
L9,0.155952380952381,Sample,ex_plate1_run2,Compound_0226,example_library,Cc1nc(-c2ccccc2)sc1C(=O)N1CCCc2ccccc21,,,0.47028375913800047,Sample
L10,0.1548571428571429,Sample,ex_plate1_run2,Compound_0227,example_library,CCOC(=O)C1CCN(C(C)C(=O)Nc2ccc(OC(F)F)cc2)CC1,,,0.4428044921702667,Sample
L11,0.15738095238095237,Sample,ex_plate1_run2,Compound_0228,example_library,COCCNc1nnc(SC(C)C#N)s1,,,0.5061262812698246,Sample
L12,0.14809523809523806,Sample,ex_plate1_run2,Compound_0229,example_library,Oc1c(Cl)c2nc3ccccc3nc2c2ccccc12,,,0.27314988741295604,Sample
L13,0.1701904761904761,Sample,ex_plate1_run2,Compound_0230,example_library,O=[N+]([O-])OC1COC2C(O[N+](=O)[O-])COC12,Isosorbide dinitrate,,0.8275142297185272,Sample
L14,0.09499999999999992,Sample,ex_plate1_run2,Compound_0231,example_library,COc1ccccc1-c1cc(CSc2nnc(C(C)N3CCCCC3)n2-c2ccc(F)cc2)on1,,,-1.0589971851532383,Sample
L15,0.1433809523809524,Sample,ex_plate1_run2,Compound_0232,example_library,CSc1ccc(Br)cc1,,,0.15486956437793192,Sample
L16,-0.02338095238095238,Sample,ex_plate1_run2,Compound_0233,example_library,O=C(C=Cc1ccco1)Nc1ccccc1C(=O)Nc1ccc2c(c1)OCO2,,,-4.02914751914387,Hit
L17,0.13133333333333327,Sample,ex_plate1_run2,Compound_0234,example_library,O=C(CC1CC2CCC1C2)Nc1ccc2c(c1)OCO2,,,-0.1474023722671342,Sample
L18,0.16980952380952374,Sample,ex_plate1_run2,Compound_0235,example_library,COc1ccc2cc(CN(C)C(=O)CSc3nnc(-c4sc(C)nc4C)o3)ccc2c1,,,0.817956223816708,Sample
L19,0.17671428571428563,Sample,ex_plate1_run2,Compound_0236,example_library,Cn1ncc(C(N)=O)c1[N+](=O)[O-],,,0.991195080787199,Sample
L20,0.17247619047619042,Sample,ex_plate1_run2,Compound_0237,example_library,CCN(CC(=O)Nc1ccccc1C(F)(F)F)S(=O)(=O)N1CC(C)CC(C)C1,,,0.8848622651294498,Sample
L21,0.1637142857142857,Sample,ex_plate1_run2,Compound_0238,example_library,CSC1=NCCN1CC(=O)c1ccc(F)cc1,,,0.6650281293875857,Sample
L22,0.16495238095238093,Sample,ex_plate1_run2,Compound_0239,example_library,Nc1nc(CN2CCN(Cc3ccsc3)CC2)nc(Nc2ccc(F)cc2)n1,,,0.6960916485685013,Sample
L23,0.1791904761904761,Negative,ex_plate1_run2,,,,,,1.05332211914903,Negative
M1,0.1834285714285714,Negative,ex_plate1_run2,,,,,,1.1596549348067822,Negative
M3,0.10176190476190478,Sample,ex_plate1_run2,Compound_0240,example_library,CCN(CC)CCOc1ccccc1NC(=O)c1cccc(C)n1,,,-0.889342580395927,Sample
M4,0.04333333333333331,Sample,ex_plate1_run2,Compound_0241,example_library,CC(C)(C)c1ccc(NC(=O)N2CCCN(c3nccc(C(F)(F)F)n3)CC2)cc1,,,-2.3553017355876045,Hit
M5,0.13052380952380946,Sample,ex_plate1_run2,Compound_0242,example_library,CC(C)n1nc(C(=O)OCc2cc(-c3ccccc3)no2)c2ccccc2c1=O,,,-0.1677131348085023,Sample
M6,-0.021714285714285707,Sample,ex_plate1_run2,Compound_0243,example_library,Cc1nnc(NCCc2c[nH]c3ccccc23)c(C#N)c1C,,,-3.9873312433234065,Hit
M7,0.15095238095238084,Sample,ex_plate1_run2,Compound_0244,example_library,COC(=O)c1cc(C#N)c(=O)n(Cc2ccc(OCC(F)(F)F)cc2)c1,,,0.3448349316766058,Sample
M8,0.12923809523809515,Sample,ex_plate1_run2,Compound_0245,example_library,NC(=O)C(NCCC1=CCCCC1)c1ccccc1,,,-0.19997140472714608,Sample
M9,0.11671428571428563,Sample,ex_plate1_run2,Compound_0246,example_library,CC(C)(C)c1csc(CS(=O)(=O)c2ccccn2)n1,,,-0.5141908487494857,Sample
M10,0.12423809523809526,Sample,ex_plate1_run2,Compound_0247,example_library,Oc1c(Cl)cc(Cl)cc1C=NNC(=S)NC1CC2CCC1C2,,,-0.32542023218853383,Sample
M11,0.13438095238095232,Sample,ex_plate1_run2,Compound_0248,example_library,C1CCN2CC3CC(CN4CCCCC34)C2C1,,SPARTEINE SULFATE,-0.0709383250525724,Sample
M12,0.07671428571428568,Sample,ex_plate1_run2,Compound_0249,example_library,CN(Cn1nc2n(c1=S)CCCCC2)C1CCS(=O)(=O)C1,,,-1.5177814684406077,Sample
M13,0.1427619047619047,Sample,ex_plate1_run2,Compound_0250,example_library,Cc1ccc(Cl)cc1NC(C#N)c1ccccc1,,,0.13933780478747237,Sample
M14,0.14866666666666656,Sample,ex_plate1_run2,Compound_0251,example_library,Cc1cc(-c2csc(N)n2)c(C)n1CC1CCCO1,,,0.28748689626568463,Sample
M15,0.15219047619047615,Sample,ex_plate1_run2,Compound_0252,example_library,Fc1ccc(CN2CCCN(C(=S)Nc3ccc(F)cc3)CC2)cc1,,,0.37589845085752344,Sample
M16,0.1605714285714285,Sample,ex_plate1_run2,Compound_0253,example_library,COc1cc(C(F)(F)F)c(-c2nc(-c3ccc(Cl)cc3)cs2)cn1,,,0.5861745806975676,Sample
M17,0.17233333333333323,Sample,ex_plate1_run2,Compound_0254,example_library,CCCOc1c(Cl)cc(C=CC(=O)N(C)Cc2ccc3c(c2)OCO3)cc1OC,,,0.8812780129162658,Sample
M18,0.0020476190476189874,Sample,ex_plate1_run2,Compound_0255,example_library,Cn1ncc2c(=O)n(CC(=O)Nc3ncc(Cc4ccc(F)cc4)s3)cnc21,,,-3.3911506251973713,Hit
M19,0.1523809523809523,Sample,ex_plate1_run2,Compound_0256,example_library,COc1ccc(C=CC(=O)NC(C)c2ccc(S(C)(=O)=O)cc2)cc1,,,0.38067745380843276,Sample
M20,0.15676190476190469,Sample,ex_plate1_run2,Compound_0257,example_library,Oc1c(I)cc(I)c2cccnc12,IOQUIN,IODOQUINOL,0.4905945216793651,Sample
M21,0.17366666666666664,Sample,ex_plate1_run2,Compound_0258,example_library,CCCn1c(N)c(-c2csc(-c3ccccc3OC)n2)c(=O)n(C)c1=O,,,0.9147310335726385,Sample
M22,0.16771428571428573,Sample,ex_plate1_run2,Compound_0259,example_library,COc1ccc(CC2(O)CCC3(CC2)OCCO3)cc1,,,0.7653871913566989,Sample
M23,0.17080952380952372,Negative,ex_plate1_run2,,,,,,0.8430459893089853,Negative
N1,0.16485714285714279,Negative,ex_plate1_run2,,,,,,0.6937021470930449,Negative
N3,0.16471428571428562,Sample,ex_plate1_run2,Compound_0260,example_library,CCOCc1ccccc1CNC(=O)NCc1ccc(F)c(C)c1,,,0.6901178948798617,Sample
N4,0.1692857142857142,Sample,ex_plate1_run2,Compound_0261,example_library,CCS(=O)(=O)c1ccc2oc(SCc3cn4c(C)cc(C)nc4n3)nc2c1,,,0.8048139657017048,Sample
N5,0.1706190476190475,Sample,ex_plate1_run2,Compound_0262,example_library,Cc1ccc(NC(=O)Cc2nc(CN3CC(C(N)=O)Oc4ccccc43)cs2)cc1,,,0.8382669863580746,Sample
N6,0.12276190476190467,Sample,ex_plate1_run2,Compound_0263,example_library,CN1CCN(c2c(F)cc3c(=O)c(C(=O)O)cn4c3c2OCN4C)CC1,Marbofloxacin,,-0.36245750505809,Sample
N7,0.05638095238095237,Sample,ex_plate1_run2,Compound_0264,example_library,O=C(O)c1ccc2ccccc2c1Br,,,-2.0279400334502617,Hit
N8,0.161,Sample,ex_plate1_run2,Compound_0265,example_library,O=C1OC(c2cccnc2Sc2ccc(Cl)cc2)=NC1=Cc1ccc(C(F)(F)F)cc1,,,0.5969273373371171,Sample
N9,0.14457142857142852,Sample,ex_plate1_run2,Compound_0266,example_library,Cc1ccnc(SCc2cn3c(C)cc(C)nc3n2)n1,,,0.1847383328211186,Sample
N10,0.16004761904761897,Sample,ex_plate1_run2,Compound_0267,example_library,CC1CC(=O)Nc2ccccc2N1C(=O)CN1CCN(c2ncc(C(F)(F)F)cc2Cl)CC1,,,0.5730323225825644,Sample
N11,0.17495238095238094,Sample,ex_plate1_run2,Compound_0268,example_library,Cc1nc(N2CCSCC2)ncc1S(=O)(=O)c1ccc(Cl)cc1,,,0.9469893034912823,Sample
N12,0.1682380952380951,Sample,ex_plate1_run2,Compound_0269,example_library,O=C1CC(c2ccccc2)(c2ccccc2)c2ccccc21,,,0.7785294494716978,Sample
N13,0.21195238095238017,Sample,ex_plate1_run2,Compound_0270,example_library,CC12CCC(O)CC1CCC1C2CCC2(C)C(C3=CC(=O)OC3)C(O)CC12O,,GITOXIGENIN,1.875310626705552,Sample
N14,0.17847619047619043,Sample,ex_plate1_run2,Compound_0271,example_library,Cc1sc2nc(-c3cccs3)nc(N3CCOCC3)c2c1C,,,1.0354008580831184,Sample
N15,0.1285238095238095,Sample,ex_plate1_run2,Compound_0272,example_library,Cc1nc2nc(C(F)(F)F)nn2c(C)c1CCC(=O)N1CCCC1,,,-0.21789266579305713,Sample
N16,0.17061904761904756,Sample,ex_plate1_run2,Compound_0273,example_library,O=C(C=Cc1ccsc1)Nc1cc(C(F)(F)F)cc(C(F)(F)F)c1,,,0.8382669863580761,Sample
N17,0.15523809523809523,Sample,ex_plate1_run2,Compound_0274,example_library,O=c1[nH][nH]c2cccc(F)c12,,,0.45236249807208595,Sample
N18,0.02047619047619046,Sample,ex_plate1_run2,Compound_0275,example_library,CC(OC1OCCN(Cc2nc(=O)[nH][nH]2)C1c1ccc(F)cc1)c1cc(C(F)(F)F)cc(C(F)(F)F)c1,Aprepitant (MK-0869),,-2.9287820896968175,Hit
N19,0.1663333333333333,Sample,ex_plate1_run2,Compound_0276,example_library,C#CCNS(=O)(=O)c1ccc(Cl)cc1,,,0.7307394199625994,Sample
N20,0.16152380952380946,Sample,ex_plate1_run2,Compound_0277,example_library,O=S(=O)(Nc1ccc2c(c1)OCO2)c1cc(F)cc(F)c1,,,0.6100695954521181,Sample
N21,0.16057142857142848,Sample,ex_plate1_run2,Compound_0278,example_library,CCCn1c(S)nnc1Cc1ccc(Cl)c(Cl)c1,,,0.5861745806975669,Sample
N22,0.1054761904761904,Sample,ex_plate1_run2,Compound_0279,example_library,NC(=O)C1=CN(C(=O)Nc2ccc(Cl)cc2Cl)CCC1C(F)(F)F,,,-0.796152022853182,Sample
N23,0.17542857142857132,Negative,ex_plate1_run2,,,,,,0.9589368108685552,Negative
O1,0.14866666666666656,Negative,ex_plate1_run2,,,,,,0.28748689626568463,Negative
O2,0.0020476190476189874,Positive,ex_plate1_run2,,,,,,-3.3911506251973713,Positive
O3,0.12957142857142856,Sample,ex_plate1_run2,Compound_0280,example_library,COc1ccc(Oc2ccc([N+](=O)[O-])cc2C(=O)Nc2ccc(S(N)(=O)=O)cc2)cc1,,,-0.19160814956305153,Sample
O4,0.02047619047619041,Sample,ex_plate1_run2,Compound_0281,example_library,Cn1nc(-c2ccc(S(=O)(=O)Oc3cccc([N+](=O)[O-])c3)s2)cc1C(F)(F)F,,,-2.9287820896968184,Hit
O5,0.143047619047619,Sample,ex_plate1_run2,Compound_0282,example_library,COc1c(O)cc2c(c1O)C1OC(CO)C(O)C(O)C1OC2=O,Bergenin (Cuscutin),,0.14650630921383806,Sample
O6,0.043999999999999935,Sample,ex_plate1_run2,Compound_0283,example_library,COc1cc(OC)nc(N)n1,,,-2.33857522525942,Hit
O7,0.14366666666666658,Sample,ex_plate1_run2,Compound_0284,example_library,Cc1ccc(OCC(O)CN2C(=O)NC(CC(C)C)C2=O)c(C)c1,,,0.1620380688042948,Sample
O8,0.09661904761904758,Sample,ex_plate1_run2,Compound_0285,example_library,O=C(Nc1ccc2ccccc2n1)c1cccc(OCC2CCCO2)c1,,,-1.0183756600705014,Sample
O9,0.1389047619047619,Sample,ex_plate1_run2,Compound_0286,example_library,O=S1(=O)CCN2C(c3cccc4ccccc34)=CSC2=N1,,,0.04256299503154386,Sample
O10,0.14471428571428568,Sample,ex_plate1_run2,Compound_0287,example_library,Cc1cc(CSc2nc(N)c3c4c(sc3n2)CCCC4)no1,,,0.1883225850343018,Sample
O11,0.1601428571428571,Sample,ex_plate1_run2,Compound_0288,example_library,CCOC(=O)Cc1c(C)nc(=O)[nH]c1C,,,0.5754218240580201,Sample
O12,0.16233333333333327,Sample,ex_plate1_run2,Compound_0289,example_library,Cc1cc(=O)n2c(-c3ccc(Cl)cc3)csc2n1,,,0.6303803579934862,Sample
O13,0.14257142857142846,Sample,ex_plate1_run2,Compound_0290,example_library,CC1Cc2ccccc2N1CC(=O)N1c2ccccc2NC(=O)CC1C,,,0.13455880183656102,Sample
O14,0.14671428571428569,Sample,ex_plate1_run2,Compound_0291,example_library,Brc1cc2c(cc1CSc1nnc(C3CC3)n1C1CC1)OCCO2,,,0.23850211601885798,Sample
O15,0.16604761904761897,Sample,ex_plate1_run2,Compound_0292,example_library,NS(=O)(=O)c1cc(Cl)ccc1Cl,,,0.723570915536233,Sample
O16,0.1555238095238094,Sample,ex_plate1_run2,Compound_0293,example_library,N#Cc1cc([N+](=O)[O-])ccc1Nc1ccc2c(c1)OCO2,,,0.45953100249844814,Sample
O17,0.1649999999999999,Sample,ex_plate1_run2,Compound_0294,example_library,O=C(NCCSCc1cccs1)Nc1cccnc1,,,0.6972863993062267,Sample
O18,0.1627142857142856,Sample,ex_plate1_run2,Compound_0295,example_library,CC1CN(CC(=O)N2CCNC2=O)CC(C)O1,,,0.6399383638953048,Sample
O19,0.1548571428571428,Sample,ex_plate1_run2,Compound_0296,example_library,CN(C)C(=O)C(O)C(Cc1ccccc1)NC(=O)c1cc2cc(Cl)ccc2[nH]1,CP-91149,,0.4428044921702646,Sample
O20,0.16723809523809516,Sample,ex_plate1_run2,Compound_0297,example_library,CCOC(=O)C(=CNc1cc(C2CC2)nn1C)C(=O)OCC,,,0.7534396839794211,Sample
O21,0.1659523809523809,Sample,ex_plate1_run2,Compound_0298,example_library,O=C(C=Cc1nc2ccccc2s1)N1CCN(S(=O)(=O)Cc2ccccc2)CC1,,,0.7211814140607787,Sample
O22,0.14709523809523806,Sample,ex_plate1_run2,Compound_0299,example_library,c1cc(CN2CCCNCCNCCCNCC2)ccc1CN1CCCNCCNCCCNCC1,Plerixafor 8HCl (DB06809),,0.24806012192067795,Sample
O23,0.1675714285714285,Negative,ex_plate1_run2,,,,,,0.7618029391435143,Negative
O24,0.0020476190476189874,Positive,ex_plate1_run2,,,,,,-3.3911506251973713,Positive
P1,0.1737142857142857,Negative,ex_plate1_run2,,,,,,0.9159257843103668,Negative
P2,0.02047619047619046,Positive,ex_plate1_run2,,,,,,-2.9287820896968175,Positive
P3,0.1614285714285714,Sample,ex_plate1_run2,Compound_0300,example_library,COc1ccc(S(=O)(=O)N2CCCCC2)cc1NCc1nc(-c2cccs2)no1,,,0.6076800939766639,Sample
P4,0.01299999999999997,Sample,ex_plate1_run2,Compound_0301,example_library,CC(C)CCNc1ccc2nnnn2n1,,,-3.1163579555200394,Hit
P5,0.17557142857142854,Sample,ex_plate1_run2,Compound_0302,example_library,CC1=CC(=C(C#N)C#N)C=C(C)N1CCN(C)C,,,0.9625210630817398,Sample
P6,0.010380952380952385,Sample,ex_plate1_run2,Compound_0303,example_library,CCOC(=O)c1cc(CO)cc(C(=O)OCC)c1,,,-3.182069246095053,Hit
P7,0.19990476190476186,Sample,ex_plate1_run2,Compound_0304,example_library,O=c1c(O)c(-c2ccc(O)c(O)c2)oc2cc(O)cc(O)c12,,QUERCETIN,1.573038690060506,Sample
P8,0.2414761904761904,Sample,ex_plate1_run2,Compound_0305,example_library,C=C(Cl)CSc1ccc(S(=O)(=O)N(C)C)cn1,,,2.6160560840966367,Sample
P9,0.17580952380952386,Sample,ex_plate1_run2,Compound_0306,example_library,c1cc(-c2noc(CN3CCNCC3)n2)cs1,,,0.9684948167703793,Sample
P10,0.15780952380952384,Sample,ex_plate1_run2,Compound_0307,example_library,CC1(C)CSC(NCCc2ccccc2)=N1,,,0.5168790379093735,Sample
P11,0.17123809523809516,Sample,ex_plate1_run2,Compound_0308,example_library,CCCCCCC#Cc1cncc(NC(=O)N2CCN(c3ccccc3)CC2)c1,,,0.8537987459485334,Sample
P12,0.18266666666666662,Sample,ex_plate1_run2,Compound_0309,example_library,CC1(NC(=O)CC2CCCC2)CCS(=O)(=O)C1,,,1.1405389230031409,Sample
P13,0.12438095238095238,Sample,ex_plate1_run2,Compound_0310,example_library,CC(=O)C1C(=O)c2cccc([N+](=O)[O-])c2C1=O,,,-0.3218359799753517,Sample
P14,0.16276190476190472,Sample,ex_plate1_run2,Compound_0311,example_library,O=C(CSc1ccc2ccccc2n1)N1CCN(c2ccccc2)CC1,,,0.6411331146330345,Sample
P15,0.06538095238095232,Sample,ex_plate1_run2,Compound_0312,example_library,O=C(c1ccco1)N1CCN(C(=O)c2cc3c(s2)CCC3)CC1,,,-1.80213214401976,Sample
P16,0.15857142857142853,Sample,ex_plate1_run2,Compound_0313,example_library,C=CCn1c(C)cc(C(=O)CSc2nnc(C3CC3)n2C2CC2)c1C,,,0.535995049713012,Sample
P17,0.17590476190476176,Sample,ex_plate1_run2,Compound_0314,example_library,CCOC(=O)COc1c(C(=O)OCC)sc2c1c(=O)n(-c1ccccc1)c(=S)n2-c1ccccc1,,,0.9708843182458294,Sample
P18,0.08376190476190477,Sample,ex_plate1_run2,Compound_0315,example_library,CN(C)c1ccc(-n2nnnc2SCC(=O)c2cc3ccccc3o2)cc1,,,-1.3409583592569325,Sample
P19,0.16138095238095226,Sample,ex_plate1_run2,Compound_0316,example_library,COC(=O)c1cc(S(=O)(=O)Nc2cccc(-c3cnco3)c2)oc1C,,,0.6064853432389342,Sample
P20,0.09047619047619043,Sample,ex_plate1_run2,Compound_0317,example_library,NNC(=O)CSC1CS(=O)(=O)c2cc([N+](=O)[O-])ccc21,,,-1.1724985052373524,Sample
P21,0.11557142857142864,Sample,ex_plate1_run2,Compound_0318,example_library,CCCCCCn1c(N2CCOCC2)nc2c1c(=O)n(C)c(=O)n2C,,,-0.5428648664549425,Sample
P22,0.1398095238095238,Sample,ex_plate1_run2,Compound_0319,example_library,Cc1cc(C)c(S(=O)(=O)Nc2ccc(Cl)cc2)c(C)c1,,,0.06526325904836697,Sample
P23,0.15257142857142852,Negative,ex_plate1_run2,,,,,,0.3854564567593434,Negative
P24,0.02047619047619046,Positive,ex_plate1_run2,,,,,,-2.9287820896968175,Positive
